{"version":{"x":0,"y":0,"z":0},"drawTrajectory":true,"bgmVolume":0.49790117144584658,"seVolume":0.4976828694343567}