{"version":{"x":0,"y":0,"z":0},"drawTrajectory":true,"bgmVolume":0.2520216107368469,"seVolume":0.4976828694343567}