{"version":{"x":0,"y":0,"z":0},"resolutionOptionIndex":3,"drawTrajectory":true,"bgmVolume":0.24895058572292329,"seVolume":0.4976828694343567}