{"version":{"x":0,"y":0,"z":0},"drawTrajectory":true,"masterVolume":100,"bgmVolume":0.33034050464630129,"seVolume":0.5070884823799133}